ELASTIC(x),ELASTIC(y),1S5(x),1S5(y),1S4(x),1S4(y),1S3(x),1S3(y),1S2(x),1S2(y),2P10(x),2P10(y),2P9(x),2P9(y),IONIZATION(x),IONIZATION(y)
0.0000E+00,6.2984E-20,1.1548E+01,0.0000E+00,1.1624E+01,0.0000E+00,1.1723E+01,0.0000E+00,1.1828E+01,0.0000E+00,1.2907E+01,0.0000E+00,1.3076E+01,0.0000E+00,1.5760E+01,0.0000E+00
1.0000E-03,6.2984E-20,1.1549E+01,1.3462E-24,1.1625E+01,3.4615E-24,1.1724E+01,6.5184E-25,1.1829E+01,7.0454E-24,1.2908E+01,1.5200E-23,1.3077E+01,5.9524E-26,1.5761E+01,1.2896E-24
2.0000E-03,5.8350E-20,1.1565E+01,2.3449E-23,1.1641E+01,6.0298E-23,1.1740E+01,1.1355E-23,1.1845E+01,1.2273E-22,1.2924E+01,4.3427E-23,1.3093E+01,1.0369E-24,1.5777E+01,2.2464E-23
5.0000E-03,4.9775E-20,1.1583E+01,4.7307E-23,1.1659E+01,1.4302E-22,1.1758E+01,3.4209E-23,1.1863E+01,1.9117E-22,1.2942E+01,5.4829E-23,1.3111E+01,2.0918E-24,1.5795E+01,4.5318E-23
1.0000E-02,4.1130E-20,1.1601E+01,7.2034E-23,1.1677E+01,1.5700E-22,1.1776E+01,4.3661E-23,1.1881E+01,1.7494E-22,1.2960E+01,5.8258E-23,1.3129E+01,3.1651E-24,1.5813E+01,6.8571E-23
1.7419E-02,3.2906E-20,1.1620E+01,1.0383E-22,1.1696E+01,1.5114E-22,1.1795E+01,4.4096E-23,1.1900E+01,1.5843E-22,1.2979E+01,7.3519E-23,1.3148E+01,4.2571E-24,1.5831E+01,9.2229E-23
3.5142E-02,2.1449E-20,1.1638E+01,1.2200E-22,1.1714E+01,1.3452E-22,1.1813E+01,3.6408E-23,1.1918E+01,1.4527E-22,1.2997E+01,9.2184E-23,1.3166E+01,5.3681E-24,1.5850E+01,1.1630E-22
5.3174E-02,1.4741E-20,1.1657E+01,1.0397E-22,1.1733E+01,1.1648E-22,1.1832E+01,2.6913E-23,1.1937E+01,1.3389E-22,1.3016E+01,1.4690E-22,1.3185E+01,6.4985E-24,1.5869E+01,1.4079E-22
7.1519E-02,1.0326E-20,1.1676E+01,9.5639E-23,1.1752E+01,1.0612E-22,1.1851E+01,2.3000E-23,1.1956E+01,1.2552E-22,1.3035E+01,1.7871E-22,1.3204E+01,7.6486E-24,1.5888E+01,1.6570E-22
9.0184E-02,7.2732E-21,1.1696E+01,8.9250E-23,1.1772E+01,1.1486E-22,1.1871E+01,2.1494E-23,1.1976E+01,1.2198E-22,1.3055E+01,1.6304E-22,1.3224E+01,8.8187E-24,1.5908E+01,1.9105E-22
1.0917E-01,5.1170E-21,1.1716E+01,8.6385E-23,1.1792E+01,1.2257E-22,1.1891E+01,1.8794E-23,1.1996E+01,1.1948E-22,1.3075E+01,3.3770E-23,1.3244E+01,1.0009E-23,1.5928E+01,2.1685E-22
1.2850E-01,3.5890E-21,1.1737E+01,8.4350E-23,1.1813E+01,1.2800E-22,1.1912E+01,1.7117E-23,1.2017E+01,1.1900E-22,1.3096E+01,1.5890E-23,1.3265E+01,1.1220E-23,1.5948E+01,2.4309E-22
1.4815E-01,2.5191E-21,1.1757E+01,8.4009E-23,1.1833E+01,1.3792E-22,1.1932E+01,1.6247E-23,1.2037E+01,1.1900E-22,1.3116E+01,2.5873E-23,1.3285E+01,1.2453E-23,1.5969E+01,2.6979E-22
1.6815E-01,1.7932E-21,1.1778E+01,8.6958E-23,1.1854E+01,1.1727E-22,1.1953E+01,1.5500E-23,1.2058E+01,1.1933E-22,1.3137E+01,3.7024E-23,1.3306E+01,1.3706E-23,1.5990E+01,2.9695E-22
1.8850E-01,1.3307E-21,1.1800E+01,8.9958E-23,1.1876E+01,8.4871E-23,1.1975E+01,1.5500E-23,1.2080E+01,1.2019E-22,1.3159E+01,8.8208E-23,1.3328E+01,1.4982E-23,1.6011E+01,3.2425E-22
2.0921E-01,1.0730E-21,1.1822E+01,1.2142E-22,1.1898E+01,7.5049E-23,1.1997E+01,1.5500E-23,1.2102E+01,1.2114E-22,1.3181E+01,1.3220E-22,1.3350E+01,1.6280E-23,1.6033E+01,3.5172E-22
2.3027E-01,9.7629E-22,1.1844E+01,2.1539E-22,1.1920E+01,7.4948E-23,1.2019E+01,1.5799E-23,1.2124E+01,1.2313E-22,1.3203E+01,1.3882E-22,1.3372E+01,1.7600E-23,1.6055E+01,3.7967E-22
2.5170E-01,1.0070E-21,1.1866E+01,1.4804E-22,1.1942E+01,7.5806E-23,1.2041E+01,1.6160E-23,1.2146E+01,1.2516E-22,1.3225E+01,2.7740E-23,1.3394E+01,1.8944E-23,1.6078E+01,4.0811E-22
2.7350E-01,1.1390E-21,1.1889E+01,1.0885E-22,1.1965E+01,7.6922E-23,1.2064E+01,1.6528E-23,1.2169E+01,1.2723E-22,1.3248E+01,1.1000E-23,1.3417E+01,2.0311E-23,1.6101E+01,4.3705E-22
2.9569E-01,1.3517E-21,1.1913E+01,1.0190E-22,1.1989E+01,7.8183E-23,1.2088E+01,1.6901E-23,1.2193E+01,1.2933E-22,1.3272E+01,2.4184E-23,1.3441E+01,2.1701E-23,1.6124E+01,4.6648E-22
3.1826E-01,1.6289E-21,1.1936E+01,9.9998E-23,1.2012E+01,8.0579E-23,1.2111E+01,1.7554E-23,1.2216E+01,1.3229E-22,1.3295E+01,1.8806E-23,1.3464E+01,2.3116E-23,1.6148E+01,4.9643E-22
3.4122E-01,1.9574E-21,1.1961E+01,1.0380E-22,1.2037E+01,8.4061E-23,1.2136E+01,1.8521E-23,1.2241E+01,1.3568E-22,1.3320E+01,1.9391E-23,1.3489E+01,2.4556E-23,1.6172E+01,5.2691E-22
3.6458E-01,2.3267E-21,1.1985E+01,1.0767E-22,1.2061E+01,8.7337E-23,1.2160E+01,1.9506E-23,1.2265E+01,1.3912E-22,1.3344E+01,1.9883E-23,1.3513E+01,2.6020E-23,1.6197E+01,5.5791E-22
3.8835E-01,2.7282E-21,1.2010E+01,1.1214E-22,1.2086E+01,9.0341E-23,1.2185E+01,2.0507E-23,1.2290E+01,1.4262E-22,1.3369E+01,2.0384E-23,1.3538E+01,2.7511E-23,1.6222E+01,5.8945E-22
4.1254E-01,3.1552E-21,1.2036E+01,1.1749E-22,1.2112E+01,9.4329E-23,1.2211E+01,2.1611E-23,1.2316E+01,1.4713E-22,1.3395E+01,2.0893E-23,1.3564E+01,2.9027E-23,1.6247E+01,6.2154E-22
4.3714E-01,3.6021E-21,1.2062E+01,1.2293E-22,1.2138E+01,9.9512E-23,1.2237E+01,2.2855E-23,1.2342E+01,1.5231E-22,1.3421E+01,2.1457E-23,1.3590E+01,3.0569E-23,1.6273E+01,6.5420E-22
4.6218E-01,4.0645E-21,1.2088E+01,1.2846E-22,1.2164E+01,1.0479E-22,1.2263E+01,2.4120E-23,1.2368E+01,1.5759E-22,1.3447E+01,2.3778E-23,1.3616E+01,3.2138E-23,1.6300E+01,6.8742E-22
4.8765E-01,4.5391E-21,1.2115E+01,1.3587E-22,1.2191E+01,1.1015E-22,1.2290E+01,2.5408E-23,1.2395E+01,1.6295E-22,1.3474E+01,4.2172E-23,1.3643E+01,3.3735E-23,1.6326E+01,7.2122E-22
5.1356E-01,5.0231E-21,1.2142E+01,1.4487E-22,1.2218E+01,1.1976E-22,1.2317E+01,2.6888E-23,1.2422E+01,1.6995E-22,1.3501E+01,3.1990E-23,1.3670E+01,3.5360E-23,1.6354E+01,7.5560E-22
5.3993E-01,5.5146E-21,1.2170E+01,1.5404E-22,1.2246E+01,1.3170E-22,1.2345E+01,2.8499E-23,1.2450E+01,1.7745E-22,1.3529E+01,3.1712E-23,1.3698E+01,3.7013E-23,1.6381E+01,7.9059E-22
5.6675E-01,6.0123E-21,1.2198E+01,1.6336E-22,1.2274E+01,1.4385E-22,1.2373E+01,3.0138E-23,1.2478E+01,1.8508E-22,1.3557E+01,3.1429E-23,1.3726E+01,3.8694E-23,1.6410E+01,8.2619E-22
5.9404E-01,6.5153E-21,1.2227E+01,1.7499E-22,1.2303E+01,1.5525E-22,1.2402E+01,3.1830E-23,1.2507E+01,1.9331E-22,1.3586E+01,3.1142E-23,1.3755E+01,4.0405E-23,1.6438E+01,8.6240E-22
6.2181E-01,7.0233E-21,1.2256E+01,1.8698E-22,1.2332E+01,1.5788E-22,1.2431E+01,3.3935E-23,1.2536E+01,2.0326E-22,1.3615E+01,3.1301E-23,1.3784E+01,4.2146E-23,1.6468E+01,8.9925E-22
6.5006E-01,7.5363E-21,1.2286E+01,1.9918E-22,1.2362E+01,1.6056E-22,1.2461E+01,3.6078E-23,1.2566E+01,2.1337E-22,1.3645E+01,3.1896E-23,1.3814E+01,4.3917E-23,1.6497E+01,9.3674E-22
6.7880E-01,8.0546E-21,1.2316E+01,2.1175E-22,1.2392E+01,1.6329E-22,1.2491E+01,3.8257E-23,1.2596E+01,2.2366E-22,1.3675E+01,3.2501E-23,1.3844E+01,4.5719E-23,1.6528E+01,9.7820E-22
7.0805E-01,8.5790E-21,1.2347E+01,2.2469E-22,1.2423E+01,1.7018E-22,1.2522E+01,4.0322E-23,1.2627E+01,2.3226E-22,1.3706E+01,3.3117E-23,1.3875E+01,4.7552E-23,1.6558E+01,1.0207E-21
7.3780E-01,9.1105E-21,1.2378E+01,2.3785E-22,1.2454E+01,1.7864E-22,1.2553E+01,4.2358E-23,1.2658E+01,2.4072E-22,1.3737E+01,3.3744E-23,1.3906E+01,4.9417E-23,1.6590E+01,1.0639E-21
7.6807E-01,9.6503E-21,1.2410E+01,2.5093E-22,1.2486E+01,1.8724E-22,1.2585E+01,4.4431E-23,1.2690E+01,2.4932E-22,1.3769E+01,3.4382E-23,1.3938E+01,5.1315E-23,1.6622E+01,1.1079E-21
7.9887E-01,1.0200E-20,1.2443E+01,2.6358E-22,1.2519E+01,1.9563E-22,1.2618E+01,4.6364E-23,1.2723E+01,2.5718E-22,1.3802E+01,3.5030E-23,1.3971E+01,5.3245E-23,1.6654E+01,1.1527E-21
8.3021E-01,1.0762E-20,1.2476E+01,2.7645E-22,1.2552E+01,2.0388E-22,1.2651E+01,4.8179E-23,1.2756E+01,2.6477E-22,1.3835E+01,3.5690E-23,1.4004E+01,5.5240E-23,1.6687E+01,1.1982E-21
8.6209E-01,1.1337E-20,1.2509E+01,2.8909E-22,1.2585E+01,2.1228E-22,1.2684E+01,5.0026E-23,1.2789E+01,2.7249E-22,1.3868E+01,3.6362E-23,1.4037E+01,5.7523E-23,1.6721E+01,1.2446E-21
8.9452E-01,1.1928E-20,1.2543E+01,3.0071E-22,1.2619E+01,2.1908E-22,1.2718E+01,5.1503E-23,1.2823E+01,2.7872E-22,1.3902E+01,3.7045E-23,1.4071E+01,5.9846E-23,1.6755E+01,1.2917E-21
9.2752E-01,1.2537E-20,1.2578E+01,3.1253E-22,1.2654E+01,2.2464E-22,1.2753E+01,5.2650E-23,1.2858E+01,2.8348E-22,1.3937E+01,3.7740E-23,1.4106E+01,6.2209E-23,1.6790E+01,1.3397E-21
9.6110E-01,1.3168E-20,1.2613E+01,3.2268E-22,1.2689E+01,2.3030E-22,1.2788E+01,5.3817E-23,1.2893E+01,2.8560E-22,1.3972E+01,3.8448E-23,1.4141E+01,6.4614E-23,1.6825E+01,1.3885E-21
9.9526E-01,1.3821E-20,1.2649E+01,3.2987E-22,1.2725E+01,2.3352E-22,1.2824E+01,5.3859E-23,1.2929E+01,3.0535E-22,1.4008E+01,3.9318E-23,1.4177E+01,6.7060E-23,1.6861E+01,1.4381E-21
1.0300E+00,1.4316E-20,1.2686E+01,3.3719E-22,1.2762E+01,2.3572E-22,1.2861E+01,5.2272E-23,1.2966E+01,2.9436E-22,1.4045E+01,4.0709E-23,1.4214E+01,6.9549E-23,1.6898E+01,1.4886E-21
1.0654E+00,1.4791E-20,1.2723E+01,3.4000E-22,1.2799E+01,2.3795E-22,1.2898E+01,4.8101E-23,1.3003E+01,2.9540E-22,1.4082E+01,4.2124E-23,1.4251E+01,7.2082E-23,1.6935E+01,1.5400E-21
1.1014E+00,1.5275E-20,1.2761E+01,3.4000E-22,1.2837E+01,2.3503E-22,1.2936E+01,5.0182E-23,1.3041E+01,3.6601E-22,1.4120E+01,4.3564E-23,1.4289E+01,7.4658E-23,1.6973E+01,1.5923E-21
1.1380E+00,1.5767E-20,1.2800E+01,3.4000E-22,1.2876E+01,2.2272E-22,1.2975E+01,4.4356E-23,1.3080E+01,3.7429E-22,1.4159E+01,4.5029E-23,1.4328E+01,7.7280E-23,1.7011E+01,1.6462E-21
1.1752E+00,1.6267E-20,1.2839E+01,3.2886E-22,1.2915E+01,2.2194E-22,1.3014E+01,4.6835E-23,1.3119E+01,3.2145E-22,1.4198E+01,4.6519E-23,1.4367E+01,7.9947E-23,1.7050E+01,1.7027E-21
1.2131E+00,1.6770E-20,1.2879E+01,2.9929E-22,1.2955E+01,1.9195E-22,1.3054E+01,8.3763E-23,1.3159E+01,3.0068E-22,1.4238E+01,4.8035E-23,1.4407E+01,8.2661E-23,1.7090E+01,1.7602E-21
1.2516E+00,1.7271E-20,1.2919E+01,2.9425E-22,1.2995E+01,1.9207E-22,1.3094E+01,7.5299E-23,1.3199E+01,3.5873E-22,1.4278E+01,4.9578E-23,1.4447E+01,8.5421E-23,1.7131E+01,1.8186E-21
1.2909E+00,1.7781E-20,1.2961E+01,2.2700E-22,1.3037E+01,2.6807E-22,1.3136E+01,5.8397E-23,1.3241E+01,3.6465E-22,1.4320E+01,5.1148E-23,1.4489E+01,8.8230E-23,1.7172E+01,1.8781E-21
1.3308E+00,1.8300E-20,1.3003E+01,2.4163E-22,1.3079E+01,2.7689E-22,1.3178E+01,5.3500E-23,1.3283E+01,3.1065E-22,1.4362E+01,5.2745E-23,1.4531E+01,9.1088E-23,1.7214E+01,1.9386E-21
1.3714E+00,1.8828E-20,1.3045E+01,4.9032E-22,1.3121E+01,1.9255E-22,1.3220E+01,1.0001E-22,1.3325E+01,2.8774E-22,1.4404E+01,5.4370E-23,1.4573E+01,9.3996E-23,1.7257E+01,2.0002E-21
1.4127E+00,1.9365E-20,1.3089E+01,3.3651E-22,1.3165E+01,2.0145E-22,1.3264E+01,6.4735E-23,1.3369E+01,2.8083E-22,1.4448E+01,5.6023E-23,1.4617E+01,9.6954E-23,1.7301E+01,2.0628E-21
1.4547E+00,1.9911E-20,1.3133E+01,1.9679E-22,1.3209E+01,2.3409E-22,1.3308E+01,4.2395E-23,1.3413E+01,3.0179E-22,1.4492E+01,5.7705E-23,1.4661E+01,9.9964E-23,1.7345E+01,2.1266E-21
1.4975E+00,2.0467E-20,1.3178E+01,1.9479E-22,1.3254E+01,2.0048E-22,1.3353E+01,2.3646E-23,1.3458E+01,3.3809E-22,1.4537E+01,5.9416E-23,1.4706E+01,1.0303E-22,1.7390E+01,2.1914E-21
1.5410E+00,2.1074E-20,1.3224E+01,1.6258E-22,1.3300E+01,1.8899E-22,1.3399E+01,2.4287E-23,1.3504E+01,3.3455E-22,1.4583E+01,6.1157E-23,1.4752E+01,1.0614E-22,1.7436E+01,2.2574E-21
1.5852E+00,2.1693E-20,1.3271E+01,1.7975E-22,1.3347E+01,1.8246E-22,1.3446E+01,2.5123E-23,1.3551E+01,3.5227E-22,1.4630E+01,6.2929E-23,1.4799E+01,1.0931E-22,1.7482E+01,2.3245E-21
1.6303E+00,2.2324E-20,1.3318E+01,1.8444E-22,1.3394E+01,1.8641E-22,1.3493E+01,3.5739E-23,1.3598E+01,3.7029E-22,1.4677E+01,6.4731E-23,1.4846E+01,1.1254E-22,1.7530E+01,2.3946E-21
1.6761E+00,2.2965E-20,1.3366E+01,1.9891E-22,1.3442E+01,1.9293E-22,1.3541E+01,3.7889E-23,1.3646E+01,3.8167E-22,1.4725E+01,6.6565E-23,1.4894E+01,1.1582E-22,1.7578E+01,2.4670E-21
1.7227E+00,2.3580E-20,1.3415E+01,2.1179E-22,1.3491E+01,2.0721E-22,1.3590E+01,4.0076E-23,1.3695E+01,3.9296E-22,1.4774E+01,6.8430E-23,1.4943E+01,1.1916E-22,1.7627E+01,2.5406E-21
1.7701E+00,2.4165E-20,1.3465E+01,2.4423E-22,1.3541E+01,2.1448E-22,1.3640E+01,4.2481E-23,1.3745E+01,4.0581E-22,1.4824E+01,7.0328E-23,1.4993E+01,1.2255E-22,1.7677E+01,2.6156E-21
1.8184E+00,2.4760E-20,1.3516E+01,2.3925E-22,1.3592E+01,2.2187E-22,1.3691E+01,4.4971E-23,1.3796E+01,4.1902E-22,1.4875E+01,7.2259E-23,1.5044E+01,1.2596E-22,1.7728E+01,2.6918E-21
1.8675E+00,2.5366E-20,1.3568E+01,2.4959E-22,1.3644E+01,2.3047E-22,1.3743E+01,4.6774E-23,1.3848E+01,4.3439E-22,1.4927E+01,7.4224E-23,1.5096E+01,1.2943E-22,1.7780E+01,2.7693E-21
1.9174E+00,2.5982E-20,1.3621E+01,2.6093E-22,1.3697E+01,2.3941E-22,1.3796E+01,4.8458E-23,1.3901E+01,4.5017E-22,1.4980E+01,7.6223E-23,1.5149E+01,1.3295E-22,1.7832E+01,2.8483E-21
1.9682E+00,2.6608E-20,1.3674E+01,2.7378E-22,1.3750E+01,2.4751E-22,1.3849E+01,5.0416E-23,1.3954E+01,4.6622E-22,1.5033E+01,7.8191E-23,1.5202E+01,1.3654E-22,1.7886E+01,2.9285E-21
2.0200E+00,2.7291E-20,1.3729E+01,2.8856E-22,1.3805E+01,2.5579E-22,1.3904E+01,5.2431E-23,1.4009E+01,4.8205E-22,1.5088E+01,8.0151E-23,1.5257E+01,1.4019E-22,1.7940E+01,3.0102E-21
2.0726E+00,2.8059E-20,1.3784E+01,3.0518E-22,1.3860E+01,2.6549E-22,1.3959E+01,5.4481E-23,1.4064E+01,4.9534E-22,1.5143E+01,8.2146E-23,1.5312E+01,1.4390E-22,1.7996E+01,3.0933E-21
2.1261E+00,2.8841E-20,1.3840E+01,3.2511E-22,1.3916E+01,2.7535E-22,1.4015E+01,5.6735E-23,1.4120E+01,5.0887E-22,1.5199E+01,8.4175E-23,1.5368E+01,1.4768E-22,1.8052E+01,3.1789E-21
2.1805E+00,2.9636E-20,1.3898E+01,3.4662E-22,1.3974E+01,2.8539E-22,1.4073E+01,5.9487E-23,1.4178E+01,5.2264E-22,1.5257E+01,8.6240E-23,1.5426E+01,1.5152E-22,1.8109E+01,3.2661E-21
2.2359E+00,3.0445E-20,1.3956E+01,3.6850E-22,1.4032E+01,2.9678E-22,1.4131E+01,6.2288E-23,1.4236E+01,5.3664E-22,1.5315E+01,8.8340E-23,1.5484E+01,1.5543E-22,1.8168E+01,3.3548E-21
2.2923E+00,3.1268E-20,1.4015E+01,3.8669E-22,1.4091E+01,3.0937E-22,1.4190E+01,6.5138E-23,1.4295E+01,5.5089E-22,1.5374E+01,9.0477E-23,1.5543E+01,1.5941E-22,1.8227E+01,3.4450E-21
2.3497E+00,3.2105E-20,1.4076E+01,3.9333E-22,1.4152E+01,3.2217E-22,1.4251E+01,6.8037E-23,1.4356E+01,5.6538E-22,1.5435E+01,9.2652E-23,1.5604E+01,1.6345E-22,1.8287E+01,3.5368E-21
2.4080E+00,3.2957E-20,1.4137E+01,4.0009E-22,1.4213E+01,3.3520E-22,1.4312E+01,7.0987E-23,1.4417E+01,5.8013E-22,1.5496E+01,9.4864E-23,1.5665E+01,1.6757E-22,1.8349E+01,3.6302E-21
2.4674E+00,3.3824E-20,1.4200E+01,4.0697E-22,1.4276E+01,3.4846E-22,1.4375E+01,7.3988E-23,1.4480E+01,5.9514E-22,1.5559E+01,9.7115E-23,1.5728E+01,1.7176E-22,1.8411E+01,3.7253E-21
2.5278E+00,3.4728E-20,1.4263E+01,4.1397E-22,1.4339E+01,3.6194E-22,1.4438E+01,7.7041E-23,1.4543E+01,6.1040E-22,1.5622E+01,9.9405E-23,1.5791E+01,1.7602E-22,1.8475E+01,3.8219E-21
2.5892E+00,3.5674E-20,1.4328E+01,4.2109E-22,1.4404E+01,3.7566E-22,1.4503E+01,8.0117E-23,1.4608E+01,6.2594E-22,1.5687E+01,1.0173E-22,1.5856E+01,1.8036E-22,1.8540E+01,3.9227E-21
2.6517E+00,3.6637E-20,1.4394E+01,4.2833E-22,1.4470E+01,3.8962E-22,1.4569E+01,8.2619E-23,1.4674E+01,6.4174E-22,1.5753E+01,1.0411E-22,1.5922E+01,1.8477E-22,1.8606E+01,4.0267E-21
2.7154E+00,3.7616E-20,1.4461E+01,4.3570E-22,1.4537E+01,4.0383E-22,1.4636E+01,8.5165E-23,1.4741E+01,6.5782E-22,1.5820E+01,1.0652E-22,1.5989E+01,1.8926E-22,1.8673E+01,4.1326E-21
2.7801E+00,3.8613E-20,1.4529E+01,4.4314E-22,1.4605E+01,4.1828E-22,1.4704E+01,8.7755E-23,1.4809E+01,6.7418E-22,1.5888E+01,1.0897E-22,1.6057E+01,1.9243E-22,1.8741E+01,4.2403E-21
2.8459E+00,3.9627E-20,1.4598E+01,4.5063E-22,1.4674E+01,4.3298E-22,1.4773E+01,9.0390E-23,1.4878E+01,6.9082E-22,1.5957E+01,1.1147E-22,1.6126E+01,1.9537E-22,1.8810E+01,4.3498E-21
2.9129E+00,4.0659E-20,1.4669E+01,4.5825E-22,1.4745E+01,4.4793E-22,1.4844E+01,9.3071E-23,1.4949E+01,7.0775E-22,1.6028E+01,1.1397E-22,1.6197E+01,1.9837E-22,1.8881E+01,4.4613E-21
2.9811E+00,4.1709E-20,1.4741E+01,4.6600E-22,1.4817E+01,4.6315E-22,1.4916E+01,9.5799E-23,1.5021E+01,7.2463E-22,1.6100E+01,1.1644E-22,1.6269E+01,2.0142E-22,1.8952E+01,4.5747E-21
3.0504E+00,4.2756E-20,1.4814E+01,4.7389E-22,1.4890E+01,4.7864E-22,1.4989E+01,9.8574E-23,1.5094E+01,7.4092E-22,1.6173E+01,1.1896E-22,1.6342E+01,2.0453E-22,1.9025E+01,4.6912E-21
3.1210E+00,4.3815E-20,1.4888E+01,4.8192E-22,1.4964E+01,4.9439E-22,1.5063E+01,9.9820E-23,1.5168E+01,7.5749E-22,1.6247E+01,1.2153E-22,1.6416E+01,2.0768E-22,1.9100E+01,4.8115E-21
3.1928E+00,4.4891E-20,1.4964E+01,4.9008E-22,1.5040E+01,5.0680E-22,1.5139E+01,1.0080E-22,1.5244E+01,7.7435E-22,1.6323E+01,1.2413E-22,1.6492E+01,2.1090E-22,1.9175E+01,4.9340E-21
3.2658E+00,4.5987E-20,1.5041E+01,4.9660E-22,1.5117E+01,5.1611E-22,1.5216E+01,1.0180E-22,1.5321E+01,7.9150E-22,1.6400E+01,1.2679E-22,1.6569E+01,2.1417E-22,1.9252E+01,5.0586E-21
3.3401E+00,4.7102E-20,1.5119E+01,5.0161E-22,1.5195E+01,5.2558E-22,1.5294E+01,1.0282E-22,1.5399E+01,8.0895E-22,1.6478E+01,1.2949E-22,1.6647E+01,2.1749E-22,1.9330E+01,5.1854E-21
3.4157E+00,4.8236E-20,1.5199E+01,5.0670E-22,1.5275E+01,5.3521E-22,1.5374E+01,1.0386E-22,1.5479E+01,8.2671E-22,1.6558E+01,1.3223E-22,1.6727E+01,2.2088E-22,1.9410E+01,5.3144E-21
3.4926E+00,4.9389E-20,1.5280E+01,5.1189E-22,1.5356E+01,5.4502E-22,1.5455E+01,1.0491E-22,1.5560E+01,8.4477E-22,1.6639E+01,1.3503E-22,1.6808E+01,2.2432E-22,1.9491E+01,5.4456E-21
3.5709E+00,5.0563E-20,1.5362E+01,5.1716E-22,1.5438E+01,5.5499E-22,1.5537E+01,1.0598E-22,1.5642E+01,8.6315E-22,1.6721E+01,1.3787E-22,1.6890E+01,2.2782E-22,1.9574E+01,5.5791E-21
3.6505E+00,5.1758E-20,1.5446E+01,5.2253E-22,1.5522E+01,5.6514E-22,1.5621E+01,1.0707E-22,1.5726E+01,8.8185E-22,1.6805E+01,1.4077E-22,1.6974E+01,2.3139E-22,1.9657E+01,5.7150E-21
3.7315E+00,5.2973E-20,1.5531E+01,5.2799E-22,1.5607E+01,5.7546E-22,1.5706E+01,1.0818E-22,1.5811E+01,9.0088E-22,1.6890E+01,1.4371E-22,1.7059E+01,2.3501E-22,1.9743E+01,5.8532E-21
3.8139E+00,5.4209E-20,1.5618E+01,5.3355E-22,1.5694E+01,5.8596E-22,1.5793E+01,1.0931E-22,1.5898E+01,9.2023E-22,1.6977E+01,1.4670E-22,1.7146E+01,2.3870E-22,1.9830E+01,5.9938E-21
3.8978E+00,5.5467E-20,1.5706E+01,5.3920E-22,1.5782E+01,5.9665E-22,1.5881E+01,1.1046E-22,1.5986E+01,9.3993E-22,1.7065E+01,1.4975E-22,1.7234E+01,2.4245E-22,1.9918E+01,6.1369E-21
3.9831E+00,5.6747E-20,1.5796E+01,5.4495E-22,1.5872E+01,6.0752E-22,1.5971E+01,1.1162E-22,1.6076E+01,9.6027E-22,1.7155E+01,1.5285E-22,1.7324E+01,2.4627E-22,2.0008E+01,6.2832E-21
4.0699E+00,5.8328E-20,1.5887E+01,5.5080E-22,1.5963E+01,6.1858E-22,1.6062E+01,1.1269E-22,1.6167E+01,9.8102E-22,1.7246E+01,1.5600E-22,1.7415E+01,2.5016E-22,2.0099E+01,6.4405E-21
4.1582E+00,6.0006E-20,1.5981E+01,5.5675E-22,1.6057E+01,6.2656E-22,1.6156E+01,1.1371E-22,1.6261E+01,1.0021E-21,1.7340E+01,1.5921E-22,1.7509E+01,2.5411E-22,2.0192E+01,6.6004E-21
4.2481E+00,6.1713E-20,1.6075E+01,5.6236E-22,1.6151E+01,6.3252E-22,1.6250E+01,1.1475E-22,1.6355E+01,1.0236E-21,1.7434E+01,1.6248E-22,1.7603E+01,2.5813E-22,2.0287E+01,6.7632E-21
4.3395E+00,6.3450E-20,1.6171E+01,5.6794E-22,1.6247E+01,6.3859E-22,1.6346E+01,1.1581E-22,1.6451E+01,1.0455E-21,1.7530E+01,1.6580E-22,1.7699E+01,2.6223E-22,2.0383E+01,6.9288E-21
4.4325E+00,6.5218E-20,1.6269E+01,5.7362E-22,1.6345E+01,6.4476E-22,1.6444E+01,1.1689E-22,1.6549E+01,1.0677E-21,1.7628E+01,1.6918E-22,1.7797E+01,2.6639E-22,2.0481E+01,7.0973E-21
4.5271E+00,6.7016E-20,1.6369E+01,5.7940E-22,1.6445E+01,6.5104E-22,1.6544E+01,1.1798E-22,1.6649E+01,1.0903E-21,1.7728E+01,1.7262E-22,1.7897E+01,2.7062E-22,2.0581E+01,7.2494E-21
4.6234E+00,6.8845E-20,1.6470E+01,5.8528E-22,1.6546E+01,6.5743E-22,1.6645E+01,1.1910E-22,1.6750E+01,1.1133E-21,1.7829E+01,1.7612E-22,1.7998E+01,2.7493E-22,2.0682E+01,7.3994E-21
4.7214E+00,7.0706E-20,1.6574E+01,5.9127E-22,1.6650E+01,6.6392E-22,1.6749E+01,1.2023E-22,1.6854E+01,1.1368E-21,1.7933E+01,1.7967E-22,1.8102E+01,2.7693E-22,2.0785E+01,7.5521E-21
4.8210E+00,7.2600E-20,1.6679E+01,5.9736E-22,1.6755E+01,6.7054E-22,1.6854E+01,1.2139E-22,1.6959E+01,1.1606E-21,1.8038E+01,1.8279E-22,1.8207E+01,2.7892E-22,2.0890E+01,7.7074E-21
4.9224E+00,7.4526E-20,1.6785E+01,6.0355E-22,1.6861E+01,6.7726E-22,1.6960E+01,1.2256E-22,1.7065E+01,1.1850E-21,1.8144E+01,1.8503E-22,1.8313E+01,2.8095E-22,2.0997E+01,7.8655E-21
5.0256E+00,7.6512E-20,1.6894E+01,6.0985E-22,1.6970E+01,6.8411E-22,1.7069E+01,1.2341E-22,1.7174E+01,1.2100E-21,1.8253E+01,1.8731E-22,1.8422E+01,2.8302E-22,2.1106E+01,8.0200E-21
5.1306E+00,7.8611E-20,1.7005E+01,6.1613E-22,1.7081E+01,6.9059E-22,1.7180E+01,1.2408E-22,1.7285E+01,1.2354E-21,1.8364E+01,1.8963E-22,1.8533E+01,2.8512E-22,2.1216E+01,8.1769E-21
5.2373E+00,8.0747E-20,1.7117E+01,6.1928E-22,1.7193E+01,6.9700E-22,1.7292E+01,1.2475E-22,1.7397E+01,1.2613E-21,1.8476E+01,1.9200E-22,1.8645E+01,2.8726E-22,2.1329E+01,8.3366E-21
5.3460E+00,8.2920E-20,1.7231E+01,6.2248E-22,1.7307E+01,7.0352E-22,1.7406E+01,1.2544E-22,1.7511E+01,1.2876E-21,1.8590E+01,1.9440E-22,1.8759E+01,2.8943E-22,2.1443E+01,8.4991E-21
5.4565E+00,8.5131E-20,1.7348E+01,6.2574E-22,1.7424E+01,7.1016E-22,1.7523E+01,1.2614E-22,1.7628E+01,1.3144E-21,1.8707E+01,1.9684E-22,1.8876E+01,2.9164E-22,2.1559E+01,8.6692E-21
5.5690E+00,8.7380E-20,1.7466E+01,6.2906E-22,1.7542E+01,7.1691E-22,1.7641E+01,1.2685E-22,1.7746E+01,1.3417E-21,1.8825E+01,1.9933E-22,1.8994E+01,2.9389E-22,2.1678E+01,8.8469E-21
5.6834E+00,8.9669E-20,1.7587E+01,6.3243E-22,1.7663E+01,7.2378E-22,1.7762E+01,1.2757E-22,1.7867E+01,1.3694E-21,1.8946E+01,2.0186E-22,1.9115E+01,2.9469E-22,2.1798E+01,9.0276E-21
5.7999E+00,9.1997E-20,1.7709E+01,6.3586E-22,1.7785E+01,7.3077E-22,1.7884E+01,1.2831E-22,1.7989E+01,1.3976E-21,1.9068E+01,2.0389E-22,1.9237E+01,2.9542E-22,2.1921E+01,9.2116E-21
5.9183E+00,9.4366E-20,1.7834E+01,6.3936E-22,1.7910E+01,7.3788E-22,1.8009E+01,1.2898E-22,1.8114E+01,1.4228E-21,1.9193E+01,2.0551E-22,1.9362E+01,2.9617E-22,2.2046E+01,9.3859E-21
6.0388E+00,9.6738E-20,1.7961E+01,6.4291E-22,1.8037E+01,7.4511E-22,1.8136E+01,1.2866E-22,1.8241E+01,1.4482E-21,1.9320E+01,2.0716E-22,1.9489E+01,2.9693E-22,2.2173E+01,9.5407E-21
6.1614E+00,9.9067E-20,1.8090E+01,6.4292E-22,1.8166E+01,7.5248E-22,1.8265E+01,1.2834E-22,1.8370E+01,1.4740E-21,1.9449E+01,2.0884E-22,1.9618E+01,2.9771E-22,2.2302E+01,9.6982E-21
6.2862E+00,1.0144E-19,1.8222E+01,6.4134E-22,1.8298E+01,7.5996E-22,1.8397E+01,1.2801E-22,1.8502E+01,1.5003E-21,1.9581E+01,2.1055E-22,1.9750E+01,2.9850E-22,2.2433E+01,9.8585E-21
6.4131E+00,1.0385E-19,1.8355E+01,6.3974E-22,1.8431E+01,7.6758E-22,1.8530E+01,1.2767E-22,1.8635E+01,1.5271E-21,1.9714E+01,2.1229E-22,1.9883E+01,2.9930E-22,2.2567E+01,1.0028E-20
6.5422E+00,1.0630E-19,1.8491E+01,6.3810E-22,1.8567E+01,7.7534E-22,1.8666E+01,1.2733E-22,1.8771E+01,1.5543E-21,1.9850E+01,2.1405E-22,2.0019E+01,2.9996E-22,2.2703E+01,1.0208E-20
6.6736E+00,1.0880E-19,1.8630E+01,6.3644E-22,1.8706E+01,7.8322E-22,1.8805E+01,1.2699E-22,1.8910E+01,1.5819E-21,1.9989E+01,2.1585E-22,2.0158E+01,2.9968E-22,2.2841E+01,1.0390E-20
6.8073E+00,1.1134E-19,1.8770E+01,6.3475E-22,1.8846E+01,7.9125E-22,1.8945E+01,1.2664E-22,1.9050E+01,1.6061E-21,2.0129E+01,2.1652E-22,2.0298E+01,2.9940E-22,2.2982E+01,1.0576E-20
6.9433E+00,1.1392E-19,1.8914E+01,6.3304E-22,1.8990E+01,7.9941E-22,1.9089E+01,1.2628E-22,1.9194E+01,1.6232E-21,2.0273E+01,2.1709E-22,2.0442E+01,2.9912E-22,2.3125E+01,1.0750E-20
7.0816E+00,1.1631E-19,1.9059E+01,6.3129E-22,1.9135E+01,8.0068E-22,1.9234E+01,1.2591E-22,1.9339E+01,1.6407E-21,2.0418E+01,2.1767E-22,2.0587E+01,2.9883E-22,2.3271E+01,1.0925E-20
7.3657E+00,1.2085E-19,1.9208E+01,6.2951E-22,1.9284E+01,8.0142E-22,1.9383E+01,1.2554E-22,1.9488E+01,1.6585E-21,2.0567E+01,2.1827E-22,2.0736E+01,2.9853E-22,2.3419E+01,1.1103E-20
7.6596E+00,1.2555E-19,1.9358E+01,6.2770E-22,1.9434E+01,8.0217E-22,1.9533E+01,1.2517E-22,1.9638E+01,1.6766E-21,2.0717E+01,2.1887E-22,2.0886E+01,2.9823E-22,2.3570E+01,1.1284E-20
7.9640E+00,1.3042E-19,1.9512E+01,6.2586E-22,1.9588E+01,8.0294E-22,1.9687E+01,1.2478E-22,1.9792E+01,1.6950E-21,2.0871E+01,2.1948E-22,2.1040E+01,2.9776E-22,2.3724E+01,1.1468E-20
8.2790E+00,1.3546E-19,1.9668E+01,6.2398E-22,1.9744E+01,8.0372E-22,1.9843E+01,1.2439E-22,1.9948E+01,1.7138E-21,2.1027E+01,2.1992E-22,2.1196E+01,2.9682E-22,2.3880E+01,1.1656E-20
8.6051E+00,1.4068E-19,1.9827E+01,6.2208E-22,1.9903E+01,8.0451E-22,2.0002E+01,1.2397E-22,2.0107E+01,1.7286E-21,2.1186E+01,2.1944E-22,2.1355E+01,2.9587E-22,2.4039E+01,1.1846E-20
8.9426E+00,1.4608E-19,1.9989E+01,6.2014E-22,2.0065E+01,8.0500E-22,2.0164E+01,1.2187E-22,2.0269E+01,1.7415E-21,2.1348E+01,2.1896E-22,2.1517E+01,2.9490E-22,2.4200E+01,1.2040E-20
9.2920E+00,1.5138E-19,2.0153E+01,6.1005E-22,2.0229E+01,8.0500E-22,2.0328E+01,1.1974E-22,2.0433E+01,1.7546E-21,2.1512E+01,2.1846E-22,2.1681E+01,2.9391E-22,2.4365E+01,1.2238E-20
9.6537E+00,1.5681E-19,2.0320E+01,5.9918E-22,2.0396E+01,8.0500E-22,2.0495E+01,1.1756E-22,2.0600E+01,1.7680E-21,2.1679E+01,2.1796E-22,2.1848E+01,2.9291E-22,2.4532E+01,1.2438E-20
1.0028E+01,1.6217E-19,2.0491E+01,5.8811E-22,2.0567E+01,8.0500E-22,2.0666E+01,1.1535E-22,2.0771E+01,1.7816E-21,2.1850E+01,2.1745E-22,2.2019E+01,2.9177E-22,2.4702E+01,1.2643E-20
1.0614E+01,1.6569E-19,2.0664E+01,5.7685E-22,2.0740E+01,8.0500E-22,2.0839E+01,1.1310E-22,2.0944E+01,1.7955E-21,2.2023E+01,2.1679E-22,2.2192E+01,2.8963E-22,2.4875E+01,1.2850E-20
1.2568E+01,1.6203E-19,2.0840E+01,5.6540E-22,2.0916E+01,8.0500E-22,2.1015E+01,1.1080E-22,2.1120E+01,1.8096E-21,2.2199E+01,2.1514E-22,2.2368E+01,2.8746E-22,2.5052E+01,1.3052E-20
1.3044E+01,1.5865E-19,2.1019E+01,5.5375E-22,2.1095E+01,8.0500E-22,2.1194E+01,1.0847E-22,2.1299E+01,1.8239E-21,2.2378E+01,2.1347E-22,2.2547E+01,2.8525E-22,2.5231E+01,1.3231E-20
1.3538E+01,1.5470E-19,2.1202E+01,5.4189E-22,2.1278E+01,8.0500E-22,2.1377E+01,1.0610E-22,2.1482E+01,1.8385E-21,2.2561E+01,2.1177E-22,2.2730E+01,2.8300E-22,2.5413E+01,1.3413E-20
1.4049E+01,1.5056E-19,2.1387E+01,5.2983E-22,2.1463E+01,8.0500E-22,2.1562E+01,1.0369E-22,2.1667E+01,1.8534E-21,2.2746E+01,2.1003E-22,2.2915E+01,2.8071E-22,2.5599E+01,1.3619E-20
1.4578E+01,1.4580E-19,2.1576E+01,5.1755E-22,2.1652E+01,8.0500E-22,2.1751E+01,1.0124E-22,2.1856E+01,1.8685E-21,2.2935E+01,2.0827E-22,2.3104E+01,2.7838E-22,2.5788E+01,1.3845E-20
1.5125E+01,1.4087E-19,2.1768E+01,5.0507E-22,2.1844E+01,8.0500E-22,2.1943E+01,9.8739E-23,2.2048E+01,1.8824E-21,2.3127E+01,2.0648E-22,2.3296E+01,2.7601E-22,2.5980E+01,1.4076E-20
1.5692E+01,1.3577E-19,2.1964E+01,4.9236E-22,2.2040E+01,8.0500E-22,2.2139E+01,9.6475E-23,2.2244E+01,1.8922E-21,2.3323E+01,2.0466E-22,2.3492E+01,2.7360E-22,2.6175E+01,1.4266E-20
1.6278E+01,1.3050E-19,2.2162E+01,4.8106E-22,2.2238E+01,8.0500E-22,2.2337E+01,9.4288E-23,2.2442E+01,1.9021E-21,2.3521E+01,2.0280E-22,2.3690E+01,2.7115E-22,2.6374E+01,1.4455E-20
1.6579E+01,1.2779E-19,2.2365E+01,4.6994E-22,2.2441E+01,8.0500E-22,2.2540E+01,9.2062E-23,2.2645E+01,1.9122E-21,2.3724E+01,2.0091E-22,2.3893E+01,2.6866E-22,2.6576E+01,1.4648E-20
1.6885E+01,1.2503E-19,2.2571E+01,4.5861E-22,2.2647E+01,8.0500E-22,2.2746E+01,8.9798E-23,2.2851E+01,1.9225E-21,2.3930E+01,1.9899E-22,2.4099E+01,2.6612E-22,2.6782E+01,1.4843E-20
1.7197E+01,1.2223E-19,2.2780E+01,4.4710E-22,2.2856E+01,8.0500E-22,2.2955E+01,8.7494E-23,2.3060E+01,1.9330E-21,2.4139E+01,1.9704E-22,2.4308E+01,2.6353E-22,2.6992E+01,1.5042E-20
1.7514E+01,1.1937E-19,2.2993E+01,4.3538E-22,2.3069E+01,8.0500E-22,2.3168E+01,8.5150E-23,2.3273E+01,1.9437E-21,2.4352E+01,1.9505E-22,2.4521E+01,2.6091E-22,2.7205E+01,1.5245E-20
1.7836E+01,1.1647E-19,2.3210E+01,4.2345E-22,2.8821E+01,7.8786E-22,2.3385E+01,8.2766E-23,2.3490E+01,1.9545E-21,2.4569E+01,1.9302E-22,2.4738E+01,2.5823E-22,2.7422E+01,1.5450E-20
1.8165E+01,1.1377E-19,2.3430E+01,4.1132E-22,3.1881E+01,7.7060E-22,2.3605E+01,8.0340E-23,2.4396E+01,1.9958E-21,2.4789E+01,1.9096E-22,2.4958E+01,2.5551E-22,2.7642E+01,1.5660E-20
1.8498E+01,1.1126E-19,2.3655E+01,3.9898E-22,3.5030E+01,7.5485E-22,2.3830E+01,7.7871E-23,2.5619E+01,2.0448E-21,2.5014E+01,1.8881E-22,2.5183E+01,2.5200E-22,2.7867E+01,1.5873E-20
1.8838E+01,1.0871E-19,2.3883E+01,3.8642E-22,3.8166E+01,7.3917E-22,2.4058E+01,7.5651E-23,2.6953E+01,2.0934E-21,2.5242E+01,1.8566E-22,2.5411E+01,2.4826E-22,2.8095E+01,1.6095E-20
1.9184E+01,1.0612E-19,2.4116E+01,3.7653E-22,4.1173E+01,7.2413E-22,2.4527E+01,7.2839E-23,2.8407E+01,2.1443E-21,2.5475E+01,1.8245E-22,2.5644E+01,2.4445E-22,2.8327E+01,1.6327E-20
1.9535E+01,1.0349E-19,2.4592E+01,3.6223E-22,4.4508E+01,7.0746E-22,2.4767E+01,7.1396E-23,2.9664E+01,2.1883E-21,2.5711E+01,1.7919E-22,2.5880E+01,2.4057E-22,2.8563E+01,1.6563E-20
1.9893E+01,1.0080E-19,2.4837E+01,3.5489E-22,4.7564E+01,6.9218E-22,2.5012E+01,6.9928E-23,3.1363E+01,2.2436E-21,2.6196E+01,1.7250E-22,2.6120E+01,2.3663E-22,2.8804E+01,1.6804E-20
2.0627E+01,9.7178E-20,2.5086E+01,3.4742E-22,5.0896E+01,6.7552E-22,2.5261E+01,6.8435E-23,3.2832E+01,2.2906E-21,2.6445E+01,1.6906E-22,2.6614E+01,2.2853E-22,2.9049E+01,1.7049E-20
2.1387E+01,9.3758E-20,2.5339E+01,3.3983E-22,5.3776E+01,6.6112E-22,2.5514E+01,6.6915E-23,3.4406E+01,2.3410E-21,2.6698E+01,1.6557E-22,2.7125E+01,2.2015E-22,2.9297E+01,1.7297E-20
2.2174E+01,9.0217E-20,2.5597E+01,3.3210E-22,5.6862E+01,6.4569E-22,2.5772E+01,6.5370E-23,3.6532E+01,2.3937E-21,2.6956E+01,1.6201E-22,2.7654E+01,2.1148E-22,2.9551E+01,1.7551E-20
2.2578E+01,8.8401E-20,2.5859E+01,3.2423E-22,6.0169E+01,6.2941E-22,2.6034E+01,6.3763E-23,3.8850E+01,2.4447E-21,2.7218E+01,1.5839E-22,2.7925E+01,2.0703E-22,2.9808E+01,1.7808E-20
2.2988E+01,8.6553E-20,2.6126E+01,3.1560E-22,6.3712E+01,6.1701E-22,2.6301E+01,6.1896E-23,4.3562E+01,2.4985E-21,2.7485E+01,1.5471E-22,2.8201E+01,2.0250E-22,3.0070E+01,1.8056E-20
2.3406E+01,8.4672E-20,2.6397E+01,3.0611E-22,6.7509E+01,6.0372E-22,2.6572E+01,5.9996E-23,7.2843E+01,2.4465E-21,2.7756E+01,1.5097E-22,2.8482E+01,1.9790E-22,3.0337E+01,1.8270E-20
2.3831E+01,8.2759E-20,2.6673E+01,2.9644E-22,7.1578E+01,5.8948E-22,2.6848E+01,5.8064E-23,8.0812E+01,2.3931E-21,2.8032E+01,1.4716E-22,2.8768E+01,1.9321E-22,3.0609E+01,1.8487E-20
2.4264E+01,8.0813E-20,2.6954E+01,2.8661E-22,7.5937E+01,5.7422E-22,2.7129E+01,5.6098E-23,8.7124E+01,2.3394E-21,2.8313E+01,1.4328E-22,2.9058E+01,1.8844E-22,3.0885E+01,1.8708E-20
2.4704E+01,7.8832E-20,2.7240E+01,2.7661E-22,7.9410E+01,5.6207E-22,2.7415E+01,5.4097E-23,9.2580E+01,2.2931E-21,2.8599E+01,1.3934E-22,2.9354E+01,1.8359E-22,3.1166E+01,1.8932E-20
2.5152E+01,7.7045E-20,2.7530E+01,2.6643E-22,8.3068E+01,5.5080E-22,2.7705E+01,5.2062E-23,9.8427E+01,2.2434E-21,2.8889E+01,1.3533E-22,2.9655E+01,1.7865E-22,3.1451E+01,1.9161E-20
2.6071E+01,7.4288E-20,2.7826E+01,2.5608E-22,8.6920E+01,5.3924E-22,2.8001E+01,4.9994E-23,1.0469E+02,2.1925E-21,2.9185E+01,1.3124E-22,2.9961E+01,1.7363E-22,3.2038E+01,1.9628E-20
2.7022E+01,7.1434E-20,2.8127E+01,2.4682E-22,9.0977E+01,5.2707E-22,2.8302E+01,4.8489E-23,1.1141E+02,2.1388E-21,2.9486E+01,1.2709E-22,3.0273E+01,1.7005E-22,3.2645E+01,2.0084E-20
2.7510E+01,6.9969E-20,2.8433E+01,2.3916E-22,9.5249E+01,5.1425E-22,2.8608E+01,4.6958E-23,1.1675E+02,2.0960E-21,2.9792E+01,1.2286E-22,3.0590E+01,1.6663E-22,3.3274E+01,2.0555E-20
2.8007E+01,6.8480E-20,2.8745E+01,2.3137E-22,9.9749E+01,5.0075E-22,2.8920E+01,4.5400E-23,1.2239E+02,2.0533E-21,3.0104E+01,1.1919E-22,3.0912E+01,1.6315E-22,3.3924E+01,2.1043E-20
2.8512E+01,6.6964E-20,2.9062E+01,2.2345E-22,1.0612E+02,4.8928E-22,2.9237E+01,4.3815E-23,1.2832E+02,2.0118E-21,3.0421E+01,1.1672E-22,3.1241E+01,1.5960E-22,3.4598E+01,2.1489E-20
2.9026E+01,6.5421E-20,2.9384E+01,2.1539E-22,1.1295E+02,4.7733E-22,2.9559E+01,4.2203E-23,1.3457E+02,1.9680E-21,3.0743E+01,1.1420E-22,3.1574E+01,1.5600E-22,3.5295E+01,2.1942E-20
2.9549E+01,6.3852E-20,2.9713E+01,2.0718E-22,1.1839E+02,4.6781E-22,2.9888E+01,4.0562E-23,1.4114E+02,1.9231E-21,3.1072E+01,1.1164E-22,3.1914E+01,1.5233E-22,3.6017E+01,2.2407E-20
3.0081E+01,6.2354E-20,3.0046E+01,1.9921E-22,1.2413E+02,4.5778E-22,3.0221E+01,3.9247E-23,1.4807E+02,1.8816E-21,3.1405E+01,1.0904E-22,3.2260E+01,1.4860E-22,3.7147E+01,2.2916E-20
3.1174E+01,6.0387E-20,3.0386E+01,1.9344E-22,1.3016E+02,4.4722E-22,3.0561E+01,3.8092E-23,1.5537E+02,1.8378E-21,3.1745E+01,1.0639E-22,3.2611E+01,1.4480E-22,3.8337E+01,2.3401E-20
3.2304E+01,5.8352E-20,3.0732E+01,1.8756E-22,1.3652E+02,4.3610E-22,3.0907E+01,3.6917E-23,1.6306E+02,1.7917E-21,3.2091E+01,1.0369E-22,3.2969E+01,1.4094E-22,4.0023E+01,2.3905E-20
3.3475E+01,5.6246E-20,3.1083E+01,1.8158E-22,1.4321E+02,4.2625E-22,3.1258E+01,3.5722E-23,1.7115E+02,1.7442E-21,3.2442E+01,1.0095E-22,3.3333E+01,1.3700E-22,4.2782E+01,2.4456E-20
3.4686E+01,5.4065E-20,3.1441E+01,1.7550E-22,1.5269E+02,4.1519E-22,3.1616E+01,3.4506E-23,1.7968E+02,1.7016E-21,3.2800E+01,9.8160E-23,3.3703E+01,1.3301E-22,4.5841E+01,2.4967E-20
3.5308E+01,5.2946E-20,3.1805E+01,1.6932E-22,1.6025E+02,4.0638E-22,3.1980E+01,3.3268E-23,1.8866E+02,1.6567E-21,3.3164E+01,9.5322E-23,3.4080E+01,1.2894E-22,5.1700E+01,2.5538E-20
3.5940E+01,5.1808E-20,3.2175E+01,1.6302E-22,1.6820E+02,3.9710E-22,3.2350E+01,3.2009E-23,1.9811E+02,1.6094E-21,3.3534E+01,9.2433E-23,3.4463E+01,1.2480E-22,5.5733E+01,2.6088E-20
3.6584E+01,5.0649E-20,3.2552E+01,1.5662E-22,1.7658E+02,3.8732E-22,3.2727E+01,3.0728E-23,2.0807E+02,1.5677E-21,3.3911E+01,8.9495E-23,3.4853E+01,1.2059E-22,6.0206E+01,2.6629E-20
3.7238E+01,4.9471E-20,3.2935E+01,1.5010E-22,1.8541E+02,3.7702E-22,3.3110E+01,2.9425E-23,2.1856E+02,1.5258E-21,3.4294E+01,8.6505E-23,3.5250E+01,1.1730E-22,6.4305E+01,2.7203E-20
3.7905E+01,4.8272E-20,3.3325E+01,1.4347E-22,1.9470E+02,3.6618E-22,3.3500E+01,2.8099E-23,2.2960E+02,1.4816E-21,3.4684E+01,8.3463E-23,3.5654E+01,1.1456E-22,7.0671E+01,2.7767E-20
3.8582E+01,4.7052E-20,3.3722E+01,1.3673E-22,2.0449E+02,3.5731E-22,3.3897E+01,2.6750E-23,2.3729E+02,1.4508E-21,3.5081E+01,8.0628E-23,3.6064E+01,1.1176E-22,7.8954E+01,2.8358E-20
3.9272E+01,4.5811E-20,3.4126E+01,1.2986E-22,2.1835E+02,3.4899E-22,3.4301E+01,2.5378E-23,2.4525E+02,1.4190E-21,3.5485E+01,7.8771E-23,3.6482E+01,1.0892E-22,1.2632E+02,2.7784E-20
3.9973E+01,4.4548E-20,3.4536E+01,1.2288E-22,2.3321E+02,3.4007E-22,3.4711E+01,2.3981E-23,2.5349E+02,1.3895E-21,3.5895E+01,7.6881E-23,3.6907E+01,1.0603E-22,1.4285E+02,2.7158E-20
4.1413E+01,4.3158E-20,3.4954E+01,1.1578E-22,2.4505E+02,3.3297E-22,3.5129E+01,2.2819E-23,2.6639E+02,1.3508E-21,3.6313E+01,7.4959E-23,3.7340E+01,1.0309E-22,1.5440E+02,2.6536E-20
4.2904E+01,4.1742E-20,3.5379E+01,1.1234E-22,2.5751E+02,3.2549E-22,3.5554E+01,2.2224E-23,2.7537E+02,1.3239E-21,3.6738E+01,7.3004E-23,3.7780E+01,1.0010E-22,1.6438E+02,2.5981E-20
4.4446E+01,4.0276E-20,3.5812E+01,1.0932E-22,2.7064E+02,3.1762E-22,3.5987E+01,2.1618E-23,2.8467E+02,1.2960E-21,3.7171E+01,7.1014E-23,3.8228E+01,9.7052E-23,1.7508E+02,2.5446E-20
4.6044E+01,3.8759E-20,3.6252E+01,1.0624E-22,2.8447E+02,3.0932E-22,3.6427E+01,2.1002E-23,2.9429E+02,1.2671E-21,3.7611E+01,6.8990E-23,3.8683E+01,9.3954E-23,1.8655E+02,2.4774E-20
4.6863E+01,3.7980E-20,3.6700E+01,1.0310E-22,2.9903E+02,3.0058E-22,3.6875E+01,2.0375E-23,3.0425E+02,1.2398E-21,3.8059E+01,6.6930E-23,3.9147E+01,9.0802E-23,1.9569E+02,2.4180E-20
4.7697E+01,3.7188E-20,3.7155E+01,9.9913E-23,3.1436E+02,2.9282E-22,3.7330E+01,1.9738E-23,3.1457E+02,1.2150E-21,3.8514E+01,6.4834E-23,3.9618E+01,8.7596E-23,2.0531E+02,2.3667E-20
4.8545E+01,3.6382E-20,3.7619E+01,9.6669E-23,3.3051E+02,2.8474E-22,3.7794E+01,1.9089E-23,3.2524E+02,1.1894E-21,3.8978E+01,6.2702E-23,4.0098E+01,8.4657E-23,2.1893E+02,2.3067E-20
4.9408E+01,3.5562E-20,3.8090E+01,9.3368E-23,3.4176E+02,2.7912E-22,3.8265E+01,1.8429E-23,3.3629E+02,1.1629E-21,3.9449E+01,6.0533E-23,4.0586E+01,8.2948E-23,2.2979E+02,2.2589E-20
5.0286E+01,3.4800E-20,3.8570E+01,9.0010E-23,3.5339E+02,2.7330E-22,3.8745E+01,1.7757E-23,3.4773E+02,1.1355E-21,3.9929E+01,5.8326E-23,4.1083E+01,8.1210E-23,2.4122E+02,2.2086E-20
5.2088E+01,3.3538E-20,3.9058E+01,8.6593E-23,3.6544E+02,2.6728E-22,3.9233E+01,1.7074E-23,3.5957E+02,1.1109E-21,4.0417E+01,5.6957E-23,4.1588E+01,7.9442E-23,2.5327E+02,2.1569E-20
5.3954E+01,3.2232E-20,3.9555E+01,8.3116E-23,3.7791E+02,2.6105E-22,3.9730E+01,1.6378E-23,3.7182E+02,1.0864E-21,4.0914E+01,5.5715E-23,4.2102E+01,7.7642E-23,2.6595E+02,2.1062E-20
5.4911E+01,3.1562E-20,4.0060E+01,7.9663E-23,3.9081E+02,2.5459E-22,4.0235E+01,1.5737E-23,3.8451E+02,1.0610E-21,4.1419E+01,5.4452E-23,4.2625E+01,7.5812E-23,2.7930E+02,2.0528E-20
5.5885E+01,3.0880E-20,4.0574E+01,7.6785E-23,4.0417E+02,2.4854E-22,4.0749E+01,1.5161E-23,3.9764E+02,1.0347E-21,4.1933E+01,5.3167E-23,4.3157E+01,7.3949E-23,2.9337E+02,1.9965E-20
5.6876E+01,3.0187E-20,4.1097E+01,7.3856E-23,4.2510E+02,2.4121E-22,4.1272E+01,1.4575E-23,4.1123E+02,1.0129E-21,4.2456E+01,5.1859E-23,4.3699E+01,7.2054E-23,3.0819E+02,1.9422E-20
5.7884E+01,2.9481E-20,4.1629E+01,7.0876E-23,4.3967E+02,2.3612E-22,4.1804E+01,1.3979E-23,4.2530E+02,9.9154E-22,4.2988E+01,5.0529E-23,4.4250E+01,7.0126E-23,3.2379E+02,1.8891E-20
5.8910E+01,2.8763E-20,4.2171E+01,6.7844E-23,4.5474E+02,2.3084E-22,4.2346E+01,1.3373E-23,4.3987E+02,9.6940E-22,4.3530E+01,4.9176E-23,4.4810E+01,6.8165E-23,3.4022E+02,1.8332E-20
5.9954E+01,2.8032E-20,4.2722E+01,6.4759E-23,4.7035E+02,2.2538E-22,4.2897E+01,1.2756E-23,4.5495E+02,9.4737E-22,4.4081E+01,4.7798E-23,4.5380E+01,6.6169E-23,3.5166E+02,1.7957E-20
6.1015E+01,2.7441E-20,4.3282E+01,6.1620E-23,4.8651E+02,2.1972E-22,4.3457E+01,1.2128E-23,4.7055E+02,9.2646E-22,4.4641E+01,4.6397E-23,4.5960E+01,6.4139E-23,3.6957E+02,1.7491E-20
6.2096E+01,2.6847E-20,4.3852E+01,5.8427E-23,5.2054E+02,2.0986E-22,4.4027E+01,1.1489E-23,4.8671E+02,9.0481E-22,4.5211E+01,4.4972E-23,4.6551E+01,6.2073E-23,3.8844E+02,1.7001E-20
6.3195E+01,2.6243E-20,4.4432E+01,5.5178E-23,5.5701E+02,2.0075E-22,4.4607E+01,1.0840E-23,5.2075E+02,8.6459E-22,4.5791E+01,4.3521E-23,4.7151E+01,5.9971E-23,4.0157E+02,1.6659E-20
6.4313E+01,2.5628E-20,4.5023E+01,5.1932E-23,5.9609E+02,1.9098E-22,4.5198E+01,1.0281E-23,5.5721E+02,8.2521E-22,4.6382E+01,4.2046E-23,4.7762E+01,5.7832E-23,4.1517E+02,1.6306E-20
6.5451E+01,2.5002E-20,4.5623E+01,5.0130E-23,6.3796E+02,1.8336E-22,4.5798E+01,9.9211E-24,5.9629E+02,7.8300E-22,4.6982E+01,4.0545E-23,4.8384E+01,5.5657E-23,4.2924E+02,1.5940E-20
6.6608E+01,2.4365E-20,4.6234E+01,4.8297E-23,6.8283E+02,1.7551E-22,4.6409E+01,9.5545E-24,6.3816E+02,7.5076E-22,4.7593E+01,3.9017E-23,4.9016E+01,5.3443E-23,4.4380E+02,1.5561E-20
6.7786E+01,2.3718E-20,4.6856E+01,4.6433E-23,7.3090E+02,1.6709E-22,4.7031E+01,9.1815E-24,6.8303E+02,7.1756E-22,4.8215E+01,3.7463E-23,4.9660E+01,5.1191E-23,4.5888E+02,1.5222E-20
6.8984E+01,2.3059E-20,4.7488E+01,4.4535E-23,7.6920E+02,1.6039E-22,4.7663E+01,8.8020E-24,7.3111E+02,6.8198E-22,4.8847E+01,3.5882E-23,5.0314E+01,4.9434E-23,4.7449E+02,1.4910E-20
7.0203E+01,2.2449E-20,4.8132E+01,4.2605E-23,8.0954E+02,1.5390E-22,4.8307E+01,8.4160E-24,7.6941E+02,6.5364E-22,4.9491E+01,3.4273E-23,5.0981E+01,4.8235E-23,4.9064E+02,1.4587E-20
7.2706E+01,2.1824E-20,4.8786E+01,4.0641E-23,8.6668E+02,1.4733E-22,4.8961E+01,8.0231E-24,8.0974E+02,6.2628E-22,5.0145E+01,3.2825E-23,5.1658E+01,4.7015E-23,5.2468E+02,1.4005E-20
7.5296E+01,2.1176E-20,4.9453E+01,3.8642E-23,9.2790E+02,1.4029E-22,4.9628E+01,7.6235E-24,8.6688E+02,5.9856E-22,5.0812E+01,3.2026E-23,5.2348E+01,4.5774E-23,5.6115E+02,1.3422E-20
7.7977E+01,2.0506E-20,5.0130E+01,3.6831E-23,9.7667E+02,1.3468E-22,5.0305E+01,7.3206E-24,9.2810E+02,5.6887E-22,5.1489E+01,3.1213E-23,5.3049E+01,4.4511E-23,6.0022E+02,1.2797E-20
8.0752E+01,1.9774E-20,5.0820E+01,3.5934E-23,,,5.0995E+01,7.1414E-24,9.7688E+02,5.4521E-22,5.2179E+01,3.0386E-23,5.3763E+01,4.3227E-23,6.4210E+02,1.2253E-20
8.2176E+01,1.9347E-20,5.1521E+01,3.5022E-23,,,5.1696E+01,6.9590E-24,,,5.2880E+01,2.9544E-23,5.4489E+01,4.1920E-23,6.8696E+02,1.1669E-20
8.3625E+01,1.8912E-20,5.2235E+01,3.4095E-23,,,5.2410E+01,6.7734E-24,,,5.3594E+01,2.8687E-23,5.5228E+01,4.0590E-23,7.3504E+02,1.1115E-20
8.5099E+01,1.8470E-20,5.2961E+01,3.3151E-23,,,5.3136E+01,6.5846E-24,,,5.4320E+01,2.7816E-23,5.5980E+01,3.9237E-23,7.8655E+02,1.0548E-20
8.6599E+01,1.8020E-20,5.3700E+01,3.2190E-23,,,5.3875E+01,6.3925E-24,,,5.5059E+01,2.6929E-23,5.6744E+01,3.7860E-23,8.4175E+02,1.0112E-20
8.8125E+01,1.7562E-20,5.4452E+01,3.1213E-23,,,5.4627E+01,6.1971E-24,,,5.5811E+01,2.6027E-23,5.7522E+01,3.6460E-23,9.0089E+02,9.7035E-21
8.9678E+01,1.7097E-20,5.5216E+01,3.0219E-23,,,5.5391E+01,5.9982E-24,,,5.6575E+01,2.5110E-23,5.8314E+01,3.5035E-23,9.6427E+02,9.2408E-21
9.1257E+01,1.6749E-20,5.5994E+01,2.9207E-23,,,5.6169E+01,5.7959E-24,,,5.7353E+01,2.4176E-23,5.9120E+01,3.3585E-23,,
9.4499E+01,1.6100E-20,5.6786E+01,2.8178E-23,,,5.6961E+01,5.5901E-24,,,5.8145E+01,2.3226E-23,5.9939E+01,3.2110E-23,,
9.6163E+01,1.5767E-20,5.7592E+01,2.7131E-23,,,5.7767E+01,5.3807E-24,,,5.8951E+01,2.2259E-23,6.0773E+01,3.1420E-23,,
9.7855E+01,1.5429E-20,5.8411E+01,2.6066E-23,,,5.8586E+01,5.1676E-24,,,5.9770E+01,2.1276E-23,6.1621E+01,3.0784E-23,,
9.9577E+01,1.5085E-20,5.9245E+01,2.4982E-23,,,5.9420E+01,4.9509E-24,,,6.0604E+01,2.0698E-23,6.2484E+01,3.0137E-23,,
1.0311E+02,1.4651E-20,6.0093E+01,2.3902E-23,,,6.0268E+01,4.7437E-24,,,6.1452E+01,2.0274E-23,6.3362E+01,2.9478E-23,,
1.0677E+02,1.4242E-20,6.0956E+01,2.2996E-23,,,6.1131E+01,4.5625E-24,,,6.2315E+01,1.9842E-23,6.4256E+01,2.8808E-23,,
1.1056E+02,1.3818E-20,6.1834E+01,2.2074E-23,,,6.2009E+01,4.3781E-24,,,6.3193E+01,1.9403E-23,6.5164E+01,2.8127E-23,,
1.1448E+02,1.3378E-20,6.2728E+01,2.1136E-23,,,6.2903E+01,4.1905E-24,,,6.4087E+01,1.8957E-23,6.6089E+01,2.7433E-23,,
1.1854E+02,1.2924E-20,6.3636E+01,2.0182E-23,,,6.3811E+01,3.9996E-24,,,6.4995E+01,1.8502E-23,6.7030E+01,2.6727E-23,,
1.2274E+02,1.2453E-20,6.4561E+01,1.9211E-23,,,6.4736E+01,3.8054E-24,,,6.5920E+01,1.8040E-23,6.7987E+01,2.6009E-23,,
1.2709E+02,1.2016E-20,6.5502E+01,1.8223E-23,,,6.5677E+01,3.6078E-24,,,6.6861E+01,1.7569E-23,6.8961E+01,2.5279E-23,,
1.3159E+02,1.1620E-20,6.6459E+01,1.7218E-23,,,6.6634E+01,3.4068E-24,,,6.7818E+01,1.7091E-23,6.9952E+01,2.4536E-23,,
1.3625E+02,1.1210E-20,6.7433E+01,1.6195E-23,,,6.7608E+01,3.2023E-24,,,6.8792E+01,1.6604E-23,7.0960E+01,2.3780E-23,,
1.4107E+02,1.0786E-20,6.8424E+01,1.5155E-23,,,6.8599E+01,2.9942E-24,,,6.9783E+01,1.6108E-23,7.1986E+01,2.3010E-23,,
1.4354E+02,1.0568E-20,6.9432E+01,1.4096E-23,,,6.9607E+01,2.7825E-24,,,7.0791E+01,1.5604E-23,7.3030E+01,2.2228E-23,,
1.4606E+02,1.0347E-20,7.0458E+01,1.3285E-23,,,7.0633E+01,2.6405E-24,,,7.1817E+01,1.5091E-23,7.4091E+01,2.1431E-23,,
1.4862E+02,1.0121E-20,7.1502E+01,1.2794E-23,,,7.1677E+01,2.5424E-24,,,7.2861E+01,1.4570E-23,7.5172E+01,2.0621E-23,,
1.5388E+02,9.8292E-21,7.2563E+01,1.2295E-23,,,7.2738E+01,2.4426E-24,,,7.3922E+01,1.4039E-23,7.6271E+01,1.9797E-23,,
1.5932E+02,9.5897E-21,7.3644E+01,1.1787E-23,,,7.3819E+01,2.3410E-24,,,7.5003E+01,1.3499E-23,7.7389E+01,1.8958E-23,,
1.6496E+02,9.3418E-21,7.4743E+01,1.1271E-23,,,7.4918E+01,2.2377E-24,,,7.6102E+01,1.2949E-23,7.8527E+01,1.8105E-23,,
1.7079E+02,9.0852E-21,7.5861E+01,1.0745E-23,,,7.6036E+01,2.1326E-24,,,7.7220E+01,1.2390E-23,7.9684E+01,1.7237E-23,,
1.7683E+02,8.8196E-21,7.6999E+01,1.0211E-23,,,7.7174E+01,2.0257E-24,,,7.8358E+01,1.1821E-23,8.0862E+01,1.6741E-23,,
1.8308E+02,8.5446E-21,7.8156E+01,9.6665E-24,,,7.8331E+01,1.9169E-24,,,7.9515E+01,1.1242E-23,8.2060E+01,1.6382E-23,,
1.8955E+02,8.2600E-21,7.9334E+01,9.1130E-24,,,7.9509E+01,1.8062E-24,,,8.0693E+01,1.0844E-23,8.3279E+01,1.6016E-23,,
1.9624E+02,7.9653E-21,8.0532E+01,8.6510E-24,,,8.0707E+01,1.7204E-24,,,8.1891E+01,1.0574E-23,8.4520E+01,1.5644E-23,,
2.0317E+02,7.7111E-21,8.1751E+01,8.3096E-24,,,8.1926E+01,1.6521E-24,,,8.3110E+01,1.0300E-23,8.5782E+01,1.5266E-23,,
2.1035E+02,7.5102E-21,8.2992E+01,7.9624E-24,,,8.3167E+01,1.5827E-24,,,8.4351E+01,1.0021E-23,8.7065E+01,1.4880E-23,,
2.1778E+02,7.3023E-21,8.4254E+01,7.6090E-24,,,8.4429E+01,1.5120E-24,,,8.5613E+01,9.7372E-24,8.8372E+01,1.4488E-23,,
2.2546E+02,7.0870E-21,8.5537E+01,7.2495E-24,,,8.5712E+01,1.4401E-24,,,8.6896E+01,9.4483E-24,8.9701E+01,1.4090E-23,,
2.3342E+02,6.8642E-21,8.6844E+01,6.8838E-24,,,8.7019E+01,1.3670E-24,,,8.8203E+01,9.1544E-24,9.1053E+01,1.3684E-23,,
2.4166E+02,6.6335E-21,8.8173E+01,6.5116E-24,,,8.8348E+01,1.2925E-24,,,8.9532E+01,8.8554E-24,9.2429E+01,1.3271E-23,,
2.5456E+02,6.3178E-21,8.9525E+01,6.1330E-24,,,8.9700E+01,1.2168E-24,,,9.0884E+01,8.5511E-24,9.3828E+01,1.2852E-23,,
2.6815E+02,6.0732E-21,9.0901E+01,5.8379E-24,,,9.1076E+01,1.1613E-24,,,9.2260E+01,8.2416E-24,9.5252E+01,1.2424E-23,,
2.8247E+02,5.8156E-21,9.2300E+01,5.5859E-24,,,9.2475E+01,1.1109E-24,,,9.3659E+01,7.9267E-24,9.6701E+01,1.1990E-23,,
2.9754E+02,5.5443E-21,9.3724E+01,5.3296E-24,,,9.3899E+01,1.0596E-24,,,9.5083E+01,7.6062E-24,9.8175E+01,1.1547E-23,,
3.1341E+02,5.3122E-21,9.5173E+01,5.0688E-24,,,9.5348E+01,1.0075E-24,,,9.6532E+01,7.2802E-24,9.9675E+01,1.1097E-23,,
3.3013E+02,5.0782E-21,9.6647E+01,4.8035E-24,,,9.6822E+01,9.5439E-25,,,9.8006E+01,6.9486E-24,1.0120E+02,1.0740E-23,,
3.4774E+02,4.8317E-21,9.8147E+01,4.5335E-24,,,9.8322E+01,9.0040E-25,,,9.9506E+01,6.6111E-24,1.0275E+02,1.0418E-23,,
3.6628E+02,4.6372E-21,9.9673E+01,4.2588E-24,,,9.9848E+01,8.4547E-25,,,1.0103E+02,6.3679E-24,1.0433E+02,1.0105E-23,,
3.8581E+02,4.4419E-21,1.0123E+02,4.0493E-24,,,1.0140E+02,8.0567E-25,,,1.0258E+02,6.1766E-24,1.0594E+02,9.8010E-24,,
4.0638E+02,4.2521E-21,1.0281E+02,3.8655E-24,,,1.0298E+02,7.6916E-25,,,1.0416E+02,5.9907E-24,1.0758E+02,9.5053E-24,,
4.3552E+02,4.0336E-21,1.0441E+02,3.6897E-24,,,1.0459E+02,7.3425E-25,,,1.0577E+02,5.8100E-24,1.0924E+02,9.2180E-24,,
4.5873E+02,3.8595E-21,1.0605E+02,3.5217E-24,,,1.0622E+02,7.0086E-25,,,1.0741E+02,5.6345E-24,1.1093E+02,8.9389E-24,,
4.8317E+02,3.6762E-21,1.0771E+02,3.3610E-24,,,1.0789E+02,6.6894E-25,,,1.0907E+02,5.4639E-24,1.1265E+02,8.6677E-24,,
5.0892E+02,3.5010E-21,1.0940E+02,3.2074E-24,,,1.0958E+02,6.3842E-25,,,1.1076E+02,5.2982E-24,1.1441E+02,8.4043E-24,,
5.3603E+02,3.3518E-21,1.1113E+02,3.0606E-24,,,1.1130E+02,6.0924E-25,,,1.1248E+02,5.1372E-24,1.1619E+02,8.1484E-24,,
5.6459E+02,3.1948E-21,1.1288E+02,2.9203E-24,,,1.1305E+02,5.8135E-25,,,1.1424E+02,4.9809E-24,1.1800E+02,7.8998E-24,,
5.9466E+02,3.0294E-21,1.1466E+02,2.7862E-24,,,1.1483E+02,5.5470E-25,,,1.1602E+02,4.8290E-24,1.1985E+02,7.6585E-24,,
6.2634E+02,2.8947E-21,1.1647E+02,2.6581E-24,,,1.1665E+02,5.2923E-25,,,1.1783E+02,4.6815E-24,1.2172E+02,7.4241E-24,,
6.5969E+02,2.7612E-21,1.1832E+02,2.5357E-24,,,1.1849E+02,5.0489E-25,,,1.1968E+02,4.5382E-24,1.2363E+02,7.1964E-24,,
6.9482E+02,2.6207E-21,1.2020E+02,2.4187E-24,,,1.2037E+02,4.8163E-25,,,1.2155E+02,4.3992E-24,1.2558E+02,6.9754E-24,,
7.3182E+02,2.4727E-21,1.2211E+02,2.3070E-24,,,1.2228E+02,4.5941E-25,,,1.2346E+02,4.2641E-24,1.2755E+02,6.7609E-24,,
7.5758E+02,2.3697E-21,1.2405E+02,2.2002E-24,,,1.2422E+02,4.3819E-25,,,1.2541E+02,4.1330E-24,1.2957E+02,6.5526E-24,,
7.8424E+02,2.2631E-21,1.2603E+02,2.0983E-24,,,1.2620E+02,4.1792E-25,,,1.2739E+02,4.0057E-24,1.3161E+02,6.3504E-24,,
8.1183E+02,2.1645E-21,1.2804E+02,2.0009E-24,,,1.2821E+02,3.9855E-25,,,1.2940E+02,3.8821E-24,1.3369E+02,6.1541E-24,,
8.4040E+02,2.0788E-21,1.3008E+02,1.9080E-24,,,1.3026E+02,3.8006E-25,,,1.3144E+02,3.7621E-24,1.3581E+02,5.9636E-24,,
8.6996E+02,1.9901E-21,1.3217E+02,1.8192E-24,,,1.3234E+02,3.6240E-25,,,1.3353E+02,3.6457E-24,1.3797E+02,5.7787E-24,,
9.0057E+02,1.8983E-21,1.3429E+02,1.7345E-24,,,1.3446E+02,3.4554E-25,,,1.3564E+02,3.5327E-24,1.4016E+02,5.5993E-24,,
9.3225E+02,1.8032E-21,1.3644E+02,1.6536E-24,,,1.3662E+02,3.2944E-25,,,1.3780E+02,3.4231E-24,1.4239E+02,5.4252E-24,,
9.6505E+02,1.7048E-21,1.3863E+02,1.5763E-24,,,1.3881E+02,3.1407E-25,,,1.3999E+02,3.3167E-24,1.4466E+02,5.2563E-24,,
1.4086E+02,1.5026E-24,,,1.4104E+02,2.9940E-25,,,1.4222E+02,3.2134E-24,1.4697E+02,5.0924E-24,,
,,1.4313E+02,1.4322E-24,,,1.4331E+02,2.8540E-25,,,1.4449E+02,3.1133E-24,1.4932E+02,4.9334E-24,,
,,1.4544E+02,1.3651E-24,,,1.4562E+02,2.7203E-25,,,1.4680E+02,3.0161E-24,1.5171E+02,4.7791E-24,,
,,1.4779E+02,1.3010E-24,,,1.4797E+02,2.5928E-25,,,1.4915E+02,2.9218E-24,1.5415E+02,4.6295E-24,,
,,1.5018E+02,1.2399E-24,,,1.5036E+02,2.4711E-25,,,1.5154E+02,2.8303E-24,1.5662E+02,4.4843E-24,,
,,1.5262E+02,1.1815E-24,,,1.5279E+02,2.3549E-25,,,1.5398E+02,2.7416E-24,1.5914E+02,4.3436E-24,,
,,1.5509E+02,1.1259E-24,,,1.5527E+02,2.2441E-25,,,1.5645E+02,2.6556E-24,1.6170E+02,4.2070E-24,,
,,1.5761E+02,1.0728E-24,,,1.5778E+02,2.1384E-25,,,1.5897E+02,2.5721E-24,1.6431E+02,4.0746E-24,,
,,1.6017E+02,1.0221E-24,,,1.6035E+02,2.0375E-25,,,1.6153E+02,2.4912E-24,1.6696E+02,3.9462E-24,,
,,1.6278E+02,9.7378E-25,,,1.6295E+02,1.9413E-25,,,1.6414E+02,2.4127E-24,1.6966E+02,3.8217E-24,,
,,1.6543E+02,9.2770E-25,,,1.6560E+02,1.8495E-25,,,1.6679E+02,2.3366E-24,1.7240E+02,3.7010E-24,,
,,1.6813E+02,8.8376E-25,,,1.6830E+02,1.7620E-25,,,1.6949E+02,2.2628E-24,1.7519E+02,3.5839E-24,,
,,1.7087E+02,8.4185E-25,,,1.7105E+02,1.6785E-25,,,1.7223E+02,2.1912E-24,1.7803E+02,3.4704E-24,,
,,1.7367E+02,8.0188E-25,,,1.7384E+02,1.5989E-25,,,1.7502E+02,2.1219E-24,1.8093E+02,3.3604E-24,,
,,1.7651E+02,7.6378E-25,,,1.7668E+02,1.5230E-25,,,1.7787E+02,2.0546E-24,1.8387E+02,3.2538E-24,,
,,1.7940E+02,7.2744E-25,,,1.7957E+02,1.4506E-25,,,1.8076E+02,1.9894E-24,1.8686E+02,3.1504E-24,,
,,1.8234E+02,6.9281E-25,,,1.8251E+02,1.3816E-25,,,1.8370E+02,1.9262E-24,1.8990E+02,3.0502E-24,,
,,1.8533E+02,6.5979E-25,,,1.8551E+02,1.3158E-25,,,1.8669E+02,1.8650E-24,1.9300E+02,2.9531E-24,,
,,1.8838E+02,6.2831E-25,,,1.8855E+02,1.2531E-25,,,1.8973E+02,1.8056E-24,1.9615E+02,2.8589E-24,,
,,1.9147E+02,5.9830E-25,,,1.9165E+02,1.1933E-25,,,1.9283E+02,1.7480E-24,1.9936E+02,2.7677E-24,,
,,1.9463E+02,5.6971E-25,,,1.9480E+02,1.1363E-25,,,1.9598E+02,1.6923E-24,2.0262E+02,2.6793E-24,,
,,1.9783E+02,5.4245E-25,,,1.9801E+02,1.0820E-25,,,1.9919E+02,1.6382E-24,2.0594E+02,2.5936E-24,,
,,2.0109E+02,5.1648E-25,,,2.0127E+02,1.0303E-25,,,2.0245E+02,1.5859E-24,2.0932E+02,2.5106E-24,,
,,2.0441E+02,4.9172E-25,,,2.0459E+02,9.8093E-26,,,2.0577E+02,1.5351E-24,2.1275E+02,2.4302E-24,,
,,2.0779E+02,4.6814E-25,,,2.0797E+02,9.3391E-26,,,2.0915E+02,1.4859E-24,2.1625E+02,2.3522E-24,,
,,2.1123E+02,4.4566E-25,,,2.1140E+02,8.8911E-26,,,2.1259E+02,1.4383E-24,2.1981E+02,2.2767E-24,,
,,2.1472E+02,4.2425E-25,,,2.1490E+02,8.4643E-26,,,2.1608E+02,1.3921E-24,2.2342E+02,2.2036E-24,,
,,2.1828E+02,4.0385E-25,,,2.1845E+02,8.0575E-26,,,2.1964E+02,1.3474E-24,2.2711E+02,2.1327E-24,,
,,2.2190E+02,3.8441E-25,,,2.2207E+02,7.6701E-26,,,2.2326E+02,1.3041E-24,2.3085E+02,2.0641E-24,,
,,2.2558E+02,3.6589E-25,,,2.2575E+02,7.3009E-26,,,2.2694E+02,1.2621E-24,2.3466E+02,1.9976E-24,,
,,2.2932E+02,3.4826E-25,,,2.2950E+02,6.9492E-26,,,2.3068E+02,1.2215E-24,2.3854E+02,1.9332E-24,,
,,2.3314E+02,3.3146E-25,,,2.3331E+02,6.6142E-26,,,2.3449E+02,1.1821E-24,2.4249E+02,1.8708E-24,,
,,2.3701E+02,3.1545E-25,,,2.3719E+02,6.2951E-26,,,2.3837E+02,1.1439E-24,2.4650E+02,1.8104E-24,,
,,2.4096E+02,3.0021E-25,,,2.4113E+02,5.9912E-26,,,2.4232E+02,1.1070E-24,2.5058E+02,1.7518E-24,,
,,2.4497E+02,2.8570E-25,,,2.4515E+02,5.7017E-26,,,2.4633E+02,1.0712E-24,2.5474E+02,1.6952E-24,,
,,2.4905E+02,2.7187E-25,,,2.4923E+02,5.4260E-26,,,2.5041E+02,1.0366E-24,2.5896E+02,1.6403E-24,,
,,2.5321E+02,2.5871E-25,,,2.5338E+02,5.1635E-26,,,2.5457E+02,1.0030E-24,2.6326E+02,1.5871E-24,,
,,2.5744E+02,2.4617E-25,,,2.5761E+02,4.9134E-26,,,2.5880E+02,9.7051E-25,2.6764E+02,1.5356E-24,,
,,2.6174E+02,2.3424E-25,,,2.6191E+02,4.6754E-26,,,2.6310E+02,9.3904E-25,2.7209E+02,1.4858E-24,,
,,2.6611E+02,2.2287E-25,,,2.6629E+02,4.4487E-26,,,2.6747E+02,9.0857E-25,2.7662E+02,1.4375E-24,,
,,2.7056E+02,2.1205E-25,,,2.7074E+02,4.2328E-26,,,2.7192E+02,8.7907E-25,2.8123E+02,1.3908E-24,,
,,2.7509E+02,2.0175E-25,,,2.7527E+02,4.0273E-26,,,2.7645E+02,8.5050E-25,2.8592E+02,1.3456E-24,,
,,2.7970E+02,1.9194E-25,,,2.7988E+02,3.8316E-26,,,2.8106E+02,8.2284E-25,2.9069E+02,1.3018E-24,,
,,2.8439E+02,1.8260E-25,,,2.8456E+02,3.6453E-26,,,2.8575E+02,7.9606E-25,2.9554E+02,1.2594E-24,,
,,2.8916E+02,1.7371E-25,,,2.8934E+02,3.4680E-26,,,2.9052E+02,7.7013E-25,3.0048E+02,1.2183E-24,,
,,2.9401E+02,1.6525E-25,,,2.9419E+02,3.2992E-26,,,2.9537E+02,7.4503E-25,3.0550E+02,1.1786E-24,,
,,2.9895E+02,1.5720E-25,,,2.9913E+02,3.1385E-26,,,3.0031E+02,7.2073E-25,3.1061E+02,1.1401E-24,,
,,3.0397E+02,1.4953E-25,,,3.0415E+02,2.9855E-26,,,3.0533E+02,6.9721E-25,3.1581E+02,1.1029E-24,,
,,3.0909E+02,1.4224E-25,,,3.0926E+02,2.8399E-26,,,3.1045E+02,6.7444E-25,3.2111E+02,1.0668E-24,,
,,3.1429E+02,1.3529E-25,,,3.1446E+02,2.7013E-26,,,3.1565E+02,6.5240E-25,3.2649E+02,1.0319E-24,,
,,3.1958E+02,1.2868E-25,,,3.1975E+02,2.5694E-26,,,3.2094E+02,6.3107E-25,3.3197E+02,9.9818E-25,,
,,3.2496E+02,1.2239E-25,,,3.2514E+02,2.4439E-26,,,3.2632E+02,6.1042E-25,3.3754E+02,9.6549E-25,,
,,3.3044E+02,1.1641E-25,,,3.3061E+02,2.3245E-26,,,3.3180E+02,5.9043E-25,3.4321E+02,9.3386E-25,,
,,3.3601E+02,1.1071E-25,,,3.3618E+02,2.2108E-26,,,3.3737E+02,5.7109E-25,3.4898E+02,9.0324E-25,,
,,3.4168E+02,1.0529E-25,,,3.4185E+02,2.1026E-26,,,3.4304E+02,5.5237E-25,3.5484E+02,8.7361E-25,,
,,3.4745E+02,1.0013E-25,,,3.4762E+02,1.9997E-26,,,3.4881E+02,5.3425E-25,3.6081E+02,8.4494E-25,,
,,3.5332E+02,9.5227E-26,,,3.5349E+02,1.9017E-26,,,3.5467E+02,5.1672E-25,3.6689E+02,8.1719E-25,,
,,3.5929E+02,9.0558E-26,,,3.5946E+02,1.8085E-26,,,3.6065E+02,4.9975E-25,3.7307E+02,7.9034E-25,,
,,3.6536E+02,8.6115E-26,,,3.6554E+02,1.7198E-26,,,3.6672E+02,4.8333E-25,3.7936E+02,7.6435E-25,,
,,3.7154E+02,8.1889E-26,,,3.7172E+02,1.6355E-26,,,3.7290E+02,4.6744E-25,3.8576E+02,7.3921E-25,,
,,3.7783E+02,7.7868E-26,,,3.7801E+02,1.5552E-26,,,3.7919E+02,4.5207E-25,3.9227E+02,7.1488E-25,,
,,3.8423E+02,7.4043E-26,,,3.8440E+02,1.4788E-26,,,3.8559E+02,4.3719E-25,3.9889E+02,6.9134E-25,,
,,3.9074E+02,7.0404E-26,,,3.9091E+02,1.4062E-26,,,3.9210E+02,4.2279E-25,4.0563E+02,6.6856E-25,,
,,3.9736E+02,6.6942E-26,,,3.9754E+02,1.3371E-26,,,3.9872E+02,4.0886E-25,4.1248E+02,6.4652E-25,,
,,4.0410E+02,6.3649E-26,,,4.0427E+02,1.2713E-26,,,4.0546E+02,3.9539E-25,4.1946E+02,6.2520E-25,,
,,4.1095E+02,6.0516E-26,,,4.1113E+02,1.2088E-26,,,4.1231E+02,3.8235E-25,4.2655E+02,6.0457E-25,,
,,4.1793E+02,5.7537E-26,,,4.1810E+02,1.1493E-26,,,4.1929E+02,3.6973E-25,4.3377E+02,5.8461E-25,,
,,4.2502E+02,5.4702E-26,,,4.2520E+02,1.0927E-26,,,4.2638E+02,3.5753E-25,4.4112E+02,5.6530E-25,,
,,4.3224E+02,5.2007E-26,,,4.3242E+02,1.0389E-26,,,4.3360E+02,3.4572E-25,4.4859E+02,5.4663E-25,,
,,4.3959E+02,4.9443E-26,,,4.3977E+02,9.8768E-27,,,4.4095E+02,3.3430E-25,4.5620E+02,5.2856E-25,,
,,4.4706E+02,4.7005E-26,,,4.4724E+02,9.3899E-27,,,4.4842E+02,3.2325E-25,4.6393E+02,5.1107E-25,,
,,4.5467E+02,4.4686E-26,,,4.5484E+02,8.9268E-27,,,4.5603E+02,3.1256E-25,4.7180E+02,4.9416E-25,,
,,4.6240E+02,4.2480E-26,,,4.6258E+02,8.4864E-27,,,4.6376E+02,3.0222E-25,4.7981E+02,4.7781E-25,,
,,4.7027E+02,4.0383E-26,,,4.7045E+02,8.0675E-27,,,4.7163E+02,2.9222E-25,4.8796E+02,4.6198E-25,,
,,4.7828E+02,3.8388E-26,,,4.7846E+02,7.6692E-27,,,4.7964E+02,2.8254E-25,4.9625E+02,4.4668E-25,,
,,4.8643E+02,3.6491E-26,,,4.8661E+02,7.2903E-27,,,4.8779E+02,2.7318E-25,5.1326E+02,4.1755E-25,,
,,4.9472E+02,3.4687E-26,,,4.9490E+02,6.9301E-27,,,4.9608E+02,2.6413E-25,5.3088E+02,3.9031E-25,,
,,5.0315E+02,3.2972E-26,,,5.0333E+02,6.5875E-27,,,5.1309E+02,2.4690E-25,5.4911E+02,3.6482E-25,,
,,5.1174E+02,3.1341E-26,,,5.1191E+02,6.2618E-27,,,5.3071E+02,2.3078E-25,5.6798E+02,3.4098E-25,,
,,5.2047E+02,2.9790E-26,,,5.2064E+02,5.9520E-27,,,5.4894E+02,2.1571E-25,5.8752E+02,3.1868E-25,,
,,5.2935E+02,2.8316E-26,,,5.2952E+02,5.6575E-27,,,5.6781E+02,2.0161E-25,6.0774E+02,2.9782E-25,,
,,5.3839E+02,2.6913E-26,,,5.3856E+02,5.3775E-27,,,5.8735E+02,1.8842E-25,6.2867E+02,2.7832E-25,,
,,5.4758E+02,2.5580E-26,,,5.4775E+02,5.1112E-27,,,6.0757E+02,1.7608E-25,6.5034E+02,2.6008E-25,,
,,5.5693E+02,2.4313E-26,,,5.5711E+02,4.8580E-27,,,6.2850E+02,1.6455E-25,6.7277E+02,2.4303E-25,,
,,5.6645E+02,2.3108E-26,,,5.6663E+02,4.6173E-27,,,6.5017E+02,1.5377E-25,6.9599E+02,2.2709E-25,,
,,5.7614E+02,2.1962E-26,,,5.7631E+02,4.3884E-27,,,6.7260E+02,1.4368E-25,7.2002E+02,2.1218E-25,,
,,5.8599E+02,2.0873E-26,,,5.8616E+02,4.1708E-27,,,6.9582E+02,1.3425E-25,7.4490E+02,1.9824E-25,,
,,5.9601E+02,1.9837E-26,,,5.9619E+02,3.9640E-27,,,7.1985E+02,1.2544E-25,7.7065E+02,1.8521E-25,,
,,6.0621E+02,1.8853E-26,,,6.0639E+02,3.7673E-27,,,7.4473E+02,1.1720E-25,7.9731E+02,1.7304E-25,,
,,6.1659E+02,1.7917E-26,,,6.1676E+02,3.5804E-27,,,7.7048E+02,1.0949E-25,8.2491E+02,1.6165E-25,,
,,6.2714E+02,1.7027E-26,,,6.2732E+02,3.4026E-27,,,7.9714E+02,1.0229E-25,8.5347E+02,1.5101E-25,,
,,6.3788E+02,1.6182E-26,,,6.3806E+02,3.2337E-27,,,8.2474E+02,9.5561E-26,8.8304E+02,1.4107E-25,,
,,6.4881E+02,1.5378E-26,,,6.4899E+02,3.0731E-27,,,8.5330E+02,8.9270E-26,9.1365E+02,1.3178E-25,,
,,6.5993E+02,1.4614E-26,,,6.6010E+02,2.9204E-27,,,8.8287E+02,8.3391E-26,9.4533E+02,1.2309E-25,,
,,6.7124E+02,1.3887E-26,,,6.7142E+02,2.7753E-27,,,9.1348E+02,7.7896E-26,9.7813E+02,1.1497E-25,,
,,6.8275E+02,1.3197E-26,,,6.8293E+02,2.6373E-27,,,9.4516E+02,7.2761E-26,
,,6.9446E+02,1.2540E-26,,,6.9463E+02,2.5062E-27,,,9.7796E+02,6.7963E-26,,,,
,,7.0637E+02,1.1916E-26,,,7.0655E+02,2.3815E-27,,,
,,7.1849E+02,1.1323E-26,,,7.1867E+02,2.2630E-27,,,,,,,,
,,7.3083E+02,1.0760E-26,,,7.3100E+02,2.1504E-27,,,,,,,,
,,7.4337E+02,1.0224E-26,,,7.4355E+02,2.0434E-27,,,,,,,,
,,7.5614E+02,9.7151E-27,,,7.5631E+02,1.9417E-27,,,,,,,,
,,7.6913E+02,9.2312E-27,,,7.6930E+02,1.8450E-27,,,,,,,,
,,7.8234E+02,8.7713E-27,,,7.8251E+02,1.7531E-27,,,,,,,,
,,7.9578E+02,8.3342E-27,,,7.9596E+02,1.6657E-27,,,,,,,,
,,8.0946E+02,7.9188E-27,,,8.0964E+02,1.5827E-27,,,,,,,,
,,8.2338E+02,7.5240E-27,,,8.2355E+02,1.5038E-27,,,,,,,,
,,8.3754E+02,7.1489E-27,,,8.3771E+02,1.4289E-27,,,,,,,,
,,8.5194E+02,6.7923E-27,,,8.5212E+02,1.3576E-27,,,,,,,,
,,8.6660E+02,6.4535E-27,,,8.6677E+02,1.2899E-27,,,,,,,,
,,8.8151E+02,6.1315E-27,,,8.8169E+02,1.2256E-27,,,,,,,,
,,8.9668E+02,5.8255E-27,,,8.9686E+02,1.1644E-27,,,,,,,,
,,9.1212E+02,5.5347E-27,,,9.1229E+02,1.1063E-27,,,,,,,,
,,9.2782E+02,5.2584E-27,,,9.2800E+02,1.0511E-27,,,,,,,,
,,9.4380E+02,4.9958E-27,,,9.4398E+02,9.9861E-28,,,,,,,,
,,9.6006E+02,4.7463E-27,,,9.6023E+02,9.4874E-28,,,,,,,,
,,9.7660E+02,4.5092E-27,,,9.7677E+02,9.0136E-28,,,,,,,,
,,9.9343E+02,4.2839E-27,,,9.9360E+02,8.5633E-28,,,,,,,,

